,titles,prices,corpus,cosine_vals,ebay_url,image_url,price_diff,clean_url
35,Patagonia Womens Nano Puff Jacket Size M,79.95,patagonia women nano puff jacket size,0.8466473536503036,['https://www.ebay.com/itm/Patagonia-Womens-Nano-Puff-Jacket-Size-M-/264605442142'],['https://thumbs3.ebaystatic.com/m/mEoVwX3heHCa1N8MIN_hoZw/140.jpg'],119.05,https://www.ebay.com/itm/Patagonia-Womens-Nano-Puff-Jacket-Size-M-/264605442142
71,Patagonia Women's Nano Puff Jacket in Black Sz. XS-XL Brand New,159.2,patagonia women' nano puff jacket black sz. xs-xl brand new,0.5447024979066772,['https://www.ebay.com/itm/Patagonia-Womens-Nano-Puff-Jacket-Black-Sz-XS-XL-Brand-New-/124028167782?var=424857785223'],['https://thumbs3.ebaystatic.com/pict/1240281677824040_1.jpg'],39.80000000000001,https://www.ebay.com/itm/Patagonia-Womens-Nano-Puff-Jacket-Black-Sz-XS-XL-Brand-New-/124028167782?var=424857785223
28,Patagonia Women's Nano Puff Jacket in Black Sz. XS-XL Brand New,159.2,patagonia women' nano puff jacket black sz. xs-xl brand new,0.5447024979066772,['https://www.ebay.com/itm/Patagonia-Womens-Nano-Puff-Jacket-Black-Sz-XS-XL-Brand-New-/124028167782?var=0'],['https://thumbs1.ebaystatic.com/pict/04040_0.jpg'],39.80000000000001,https://www.ebay.com/itm/Patagonia-Womens-Nano-Puff-Jacket-Black-Sz-XS-XL-Brand-New-/124028167782?var=0
60,Patagonia Nano Puff Bivy Pullover Elwha Blue Medium (Women’s),109.99,patagonia nano puff bivi pullov elwha blue medium (women’s),0.43927499031635536,['https://www.ebay.com/itm/Patagonia-Nano-Puff-Bivy-Pullover-Elwha-Blue-Medium-Women-s-/223868749163'],['https://thumbs4.ebaystatic.com/m/m2uPxDQAhVz9qzmAFNXYsnQ/140.jpg'],89.01,https://www.ebay.com/itm/Patagonia-Nano-Puff-Bivy-Pullover-Elwha-Blue-Medium-Women-s-/223868749163
34,Patagonia Nano Puff Bivy Pullover Elwha Blue Medium (Women’s),109.99,patagonia nano puff bivi pullov elwha blue medium (women’s),0.43927499031635536,['https://www.ebay.com/itm/Patagonia-Nano-Puff-Bivy-Pullover-Elwha-Blue-Medium-Women-s-/223868749163'],['https://thumbs4.ebaystatic.com/m/m2uPxDQAhVz9qzmAFNXYsnQ/140.jpg'],89.01,https://www.ebay.com/itm/Patagonia-Nano-Puff-Bivy-Pullover-Elwha-Blue-Medium-Women-s-/223868749163
70,Patagonia Nano Puff Bivy Pullover Carve Coral Large (Women’s),124.99,patagonia nano puff bivi pullov carv coral larg (women’s),0.43927499031635536,['https://www.ebay.com/itm/Patagonia-Nano-Puff-Bivy-Pullover-Carve-Coral-Large-Women-s-/223868691815'],['https://thumbs4.ebaystatic.com/m/m-Nu0kEgQBc06eGVM86RPuQ/140.jpg'],74.01,https://www.ebay.com/itm/Patagonia-Nano-Puff-Bivy-Pullover-Carve-Coral-Large-Women-s-/223868691815
49,Patagonia Better Sweater Jacket Women's,119.0,patagonia better sweater jacket women',0.43161341897075145,['https://www.ebay.com/itm/Patagonia-Better-Sweater-Jacket-Womens-/153706972399?var=453722343606'],['https://thumbs4.ebaystatic.com/pict/153706972399404000000001_1.jpg'],80.0,https://www.ebay.com/itm/Patagonia-Better-Sweater-Jacket-Womens-/153706972399?var=453722343606
36,Patagonia Better Sweater Jacket Women's,119.0,patagonia better sweater jacket women',0.43161341897075145,['https://www.ebay.com/itm/Patagonia-Better-Sweater-Jacket-Womens-/153706972399?var=453722343607'],['https://thumbs4.ebaystatic.com/pict/153706972399404000000001_1.jpg'],80.0,https://www.ebay.com/itm/Patagonia-Better-Sweater-Jacket-Womens-/153706972399?var=453722343607
9,Patagonia Better Sweater Jacket Women's,119.0,patagonia better sweater jacket women',0.43161341897075145,['https://www.ebay.com/itm/Patagonia-Better-Sweater-Jacket-Womens-/153706972399?var=0'],['https://thumbs1.ebaystatic.com/pict/04040_0.jpg'],80.0,https://www.ebay.com/itm/Patagonia-Better-Sweater-Jacket-Womens-/153706972399?var=0
67,Patagonia Better Sweater Jacket Women's,119.0,patagonia better sweater jacket women',0.43161341897075145,['https://www.ebay.com/itm/Patagonia-Better-Sweater-Jacket-Womens-/153706972399?var=453722343610'],['https://thumbs4.ebaystatic.com/pict/153706972399404000000002_1.jpg'],80.0,https://www.ebay.com/itm/Patagonia-Better-Sweater-Jacket-Womens-/153706972399?var=453722343610
91,Patagonia Better Sweater Jacket Women's,119.0,patagonia better sweater jacket women',0.43161341897075145,['https://www.ebay.com/itm/Patagonia-Better-Sweater-Jacket-Womens-/153706972399?var=453722343615'],['https://thumbs4.ebaystatic.com/pict/153706972399404000000003_1.jpg'],80.0,https://www.ebay.com/itm/Patagonia-Better-Sweater-Jacket-Womens-/153706972399?var=453722343615
8,$199 NWT Patagonia W's Nano Puff Jacket All Colors Sz XS S M L XL,119.99,$199 nwt patagonia w' nano puff jacket color sz xs l xl,0.4109954639349511,['https://www.ebay.com/itm/199-NWT-Patagonia-Ws-Nano-Puff-Jacket-All-Colors-Sz-XS-S-M-L-XL-/202442421582?var=0'],['https://thumbs1.ebaystatic.com/pict/04040_0.jpg'],79.01,https://www.ebay.com/itm/199-NWT-Patagonia-Ws-Nano-Puff-Jacket-All-Colors-Sz-XS-S-M-L-XL-/202442421582?var=0
16,$199 NWT Patagonia W's Nano Puff Jacket All Colors Sz XS S M L XL,149.99,$199 nwt patagonia w' nano puff jacket color sz xs l xl,0.4109954639349511,['https://www.ebay.com/itm/199-NWT-Patagonia-Ws-Nano-Puff-Jacket-All-Colors-Sz-XS-S-M-L-XL-/202442421582?var=502474363718'],['https://thumbs3.ebaystatic.com/pict/202442421582404000000001_1.jpg'],49.00999999999999,https://www.ebay.com/itm/199-NWT-Patagonia-Ws-Nano-Puff-Jacket-All-Colors-Sz-XS-S-M-L-XL-/202442421582?var=502474363718
48,$199 NWT Patagonia W's Nano Puff Jacket All Colors Sz XS S M L XL,149.99,$199 nwt patagonia w' nano puff jacket color sz xs l xl,0.4109954639349511,['https://www.ebay.com/itm/199-NWT-Patagonia-Ws-Nano-Puff-Jacket-All-Colors-Sz-XS-S-M-L-XL-/202442421582?var=502513668274'],['https://thumbs3.ebaystatic.com/pict/2024424215824040_2.jpg'],49.00999999999999,https://www.ebay.com/itm/199-NWT-Patagonia-Ws-Nano-Puff-Jacket-All-Colors-Sz-XS-S-M-L-XL-/202442421582?var=502513668274
20,Patagonia Women's Nano Puff Vest Lightweight Gray Silver Size Small (A14),62.99,patagonia women' nano puff vest lightweight gray silver size small (a14),0.38755725536725033,['https://www.ebay.com/itm/Patagonia-Womens-Nano-Puff-Vest-Lightweight-Gray-Silver-Size-Small-A14-/303457054288'],['https://thumbs1.ebaystatic.com/m/mXXXSTQjgW70Vx1DCmHLJ1w/140.jpg'],136.01,https://www.ebay.com/itm/Patagonia-Womens-Nano-Puff-Vest-Lightweight-Gray-Silver-Size-Small-A14-/303457054288
66,Patagonia Women’s Black Down Jacket Sz S Small,54.0,patagonia women’ black jacket sz small,0.3808726084759436,['https://www.ebay.com/itm/Patagonia-Women-s-Black-Down-Jacket-Sz-S-Small-/143491461760'],['https://thumbs1.ebaystatic.com/m/m6nahK7wN68xuOZ7jaUJ7OA/140.jpg'],145.0,https://www.ebay.com/itm/Patagonia-Women-s-Black-Down-Jacket-Sz-S-Small-/143491461760
39,Patagonia Women’s Primaloft Puffer Jacket Size Large Silver Winter Jacket,89.99,patagonia women’ primaloft puffer jacket size larg silver winter jacket,0.35909013896206493,['https://www.ebay.com/itm/Patagonia-Women-s-Primaloft-Puffer-Jacket-Size-Large-Silver-Winter-Jacket-/124049672720'],['https://thumbs1.ebaystatic.com/m/mODxR-a-9edceEviYyNI4KQ/140.jpg'],109.01,https://www.ebay.com/itm/Patagonia-Women-s-Primaloft-Puffer-Jacket-Size-Large-Silver-Winter-Jacket-/124049672720
19,Patagonia Women's Houdini Jacket - 24147 - size Small ,51.97,patagonia women' houdini jacket - 24147 - size small,0.34464214103805474,['https://www.ebay.com/itm/Patagonia-Womens-Houdini-Jacket-24147-size-Small-/362875855989?var=0'],['https://thumbs1.ebaystatic.com/pict/04040_0.jpg'],147.03,https://www.ebay.com/itm/Patagonia-Womens-Houdini-Jacket-24147-size-Small-/362875855989?var=0
33,Patagonia Women's Houdini Jacket - 24147 - size Small ,51.97,patagonia women' houdini jacket - 24147 - size small,0.34464214103805474,['https://www.ebay.com/itm/Patagonia-Womens-Houdini-Jacket-24147-size-Small-/362875855989?var=632010697257'],['https://thumbs2.ebaystatic.com/pict/362875855989404000000004_1.jpg'],147.03,https://www.ebay.com/itm/Patagonia-Womens-Houdini-Jacket-24147-size-Small-/362875855989?var=632010697257
47,Patagonia Women's Houdini Jacket - 24147 - size Small ,51.97,patagonia women' houdini jacket - 24147 - size small,0.34464214103805474,['https://www.ebay.com/itm/Patagonia-Womens-Houdini-Jacket-24147-size-Small-/362875855989?var=0'],['https://thumbs1.ebaystatic.com/pict/04040_0.jpg'],147.03,https://www.ebay.com/itm/Patagonia-Womens-Houdini-Jacket-24147-size-Small-/362875855989?var=0
17,PATAGONIA WOMEN'S TRAVERSE JACKET 25006 Reflective Logo DWR Stretch sz L Jacket,26.99,patagonia women' travers jacket 25006 reflect logo dwr stretch sz l jacket,0.34073344831557795,['https://www.ebay.com/itm/PATAGONIA-WOMENS-TRAVERSE-JACKET-25006-Reflective-Logo-DWR-Stretch-sz-L-Jacket-/372921652763'],['https://thumbs4.ebaystatic.com/m/mULem0koIf-gruqRSw_FhRw/140.jpg'],172.01,https://www.ebay.com/itm/PATAGONIA-WOMENS-TRAVERSE-JACKET-25006-Reflective-Logo-DWR-Stretch-sz-L-Jacket-/372921652763
12,Patagonia Down Sweater Hoody Jacket Mango Extra Small (Women's),139.99,patagonia sweater hoodi jacket mango extra small (women's),0.31710746658027095,['https://www.ebay.com/itm/Patagonia-Down-Sweater-Hoody-Jacket-Mango-Extra-Small-Womens-/223869409819'],['https://thumbs4.ebaystatic.com/m/mnSQMbBmIws1d1kqxS7MtWA/140.jpg'],59.00999999999999,https://www.ebay.com/itm/Patagonia-Down-Sweater-Hoody-Jacket-Mango-Extra-Small-Womens-/223869409819
63,Women's PATAGONIA Black Full Zip Down Insulated Jacket Size S,35.0,women' patagonia black full zip insul jacket size,0.31710746658027095,['https://www.ebay.com/itm/Womens-PATAGONIA-Black-Full-Zip-Down-Insulated-Jacket-Size-S-/402046068546'],['https://thumbs3.ebaystatic.com/m/m-dkI1GvpygILXS1idUgQ0w/140.jpg'],164.0,https://www.ebay.com/itm/Womens-PATAGONIA-Black-Full-Zip-Down-Insulated-Jacket-Size-S-/402046068546
89,Patagonia Goose Down Jacket Grey Women’s Large Puffer Coat,74.95,patagonia goos jacket grey women’ larg puffer coat,0.31710746658027095,['https://www.ebay.com/itm/Patagonia-Goose-Down-Jacket-Grey-Women-s-Large-Puffer-Coat-/303456238432'],['https://thumbs1.ebaystatic.com/m/m6MhymqhgIOwxrKWTeaBUaw/140.jpg'],124.05,https://www.ebay.com/itm/Patagonia-Goose-Down-Jacket-Grey-Women-s-Large-Puffer-Coat-/303456238432
29,Patagonia Women's Regulator R2 Fleece Jacket - Blue - Size XL,69.0,patagonia women' regul r2 fleec jacket - blue - size xl,0.2952675553824053,['https://www.ebay.com/itm/Patagonia-Womens-Regulator-R2-Fleece-Jacket-Blue-Size-XL-/153802646980'],['https://thumbs1.ebaystatic.com/m/mdxfFQLXyknKVlMIuT5hAog/140.jpg'],130.0,https://www.ebay.com/itm/Patagonia-Womens-Regulator-R2-Fleece-Jacket-Blue-Size-XL-/153802646980
21,PATAGONIA® Women's Down Insulated Sweater Jacket - BLACK / SMALL - $195 Retail ,89.0,patagonia® women' insul sweater jacket - black / small - $195 retail,0.2952675553824053,['https://www.ebay.com/itm/PATAGONIA-Womens-Down-Insulated-Sweater-Jacket-BLACK-SMALL-195-Retail-/324050403150'],['https://thumbs3.ebaystatic.com/m/mZkTIprHVK61_NhoIu6lAew/140.jpg'],110.0,https://www.ebay.com/itm/PATAGONIA-Womens-Down-Insulated-Sweater-Jacket-BLACK-SMALL-195-Retail-/324050403150
25,Patagonia Better Sweater Full Zip Fleece Jacket Blue  Womens Size S,46.0,patagonia better sweater full zip fleec jacket blue women size,0.27739622897624144,['https://www.ebay.com/itm/Patagonia-Better-Sweater-Full-Zip-Fleece-Jacket-Blue-Womens-Size-S-/324043524070'],['https://thumbs3.ebaystatic.com/m/mjN3B70lcA1ohdFiIPlTcIg/140.jpg'],153.0,https://www.ebay.com/itm/Patagonia-Better-Sweater-Full-Zip-Fleece-Jacket-Blue-Womens-Size-S-/324043524070
93,Water Girl Patagonia Womens Fleece Pullover Jacket Large  Rust  1/4 Zip,20.0,water girl patagonia women fleec pullov jacket larg rust 1/4 zip,0.27739622897624144,['https://www.ebay.com/itm/Water-Girl-Patagonia-Womens-Fleece-Pullover-Jacket-Large-Rust-1-4-Zip-/153805812660'],['https://thumbs1.ebaystatic.com/m/mnwNNyBYfkbPCxlj6GaIeHQ/140.jpg'],179.0,https://www.ebay.com/itm/Water-Girl-Patagonia-Womens-Fleece-Pullover-Jacket-Large-Rust-1-4-Zip-/153805812660
5,Patagonia Women 51884 Goose Down Jacket Coat Hoodie Black Size Medium,59.99,patagonia women 51884 goos jacket coat hoodi black size medium,0.27739622897624144,['https://www.ebay.com/itm/Patagonia-Women-51884-Goose-Down-Jacket-Coat-Hoodie-Black-Size-Medium-/124056344722'],['https://thumbs3.ebaystatic.com/m/m0sLWVBWxgrBpLhvMftKS6A/140.jpg'],139.01,https://www.ebay.com/itm/Patagonia-Women-51884-Goose-Down-Jacket-Coat-Hoodie-Black-Size-Medium-/124056344722
30,Patagonia Better Sweater Full Zip Fleece Jacket Blue Medium Womens,69.99,patagonia better sweater full zip fleec jacket blue medium women,0.27739622897624144,['https://www.ebay.com/itm/Patagonia-Better-Sweater-Full-Zip-Fleece-Jacket-Blue-Medium-Womens-/264596727375'],['https://thumbs4.ebaystatic.com/m/mUEfioqlXP7w1VAfMcRpUPw/140.jpg'],129.01,https://www.ebay.com/itm/Patagonia-Better-Sweater-Full-Zip-Fleece-Jacket-Blue-Medium-Womens-/264596727375
32,Patagonia Women’s Lilac Purple Downtown Down Insulated Puffer Jacket Sz XS,50.0,patagonia women’ lilac purpl downtown insul puffer jacket sz xs,0.27739622897624144,['https://www.ebay.com/itm/Patagonia-Women-s-Lilac-Purple-Downtown-Down-Insulated-Puffer-Jacket-Sz-XS-/293433328425'],['https://thumbs2.ebaystatic.com/m/mloeMARP00xL362l2C2PbsQ/140.jpg'],149.0,https://www.ebay.com/itm/Patagonia-Women-s-Lilac-Purple-Downtown-Down-Insulated-Puffer-Jacket-Sz-XS-/293433328425
2,Patagonia Women's Size L Gray Better Sweater Full Zip Fleece Jacket EUC,54.99,patagonia women' size l gray better sweater full zip fleec jacket euc,0.26242093626195995,['https://www.ebay.com/itm/Patagonia-Womens-Size-L-Gray-Better-Sweater-Full-Zip-Fleece-Jacket-EUC-/174165609246'],['https://thumbs3.ebaystatic.com/m/mpOWgOFrfMTmK91RMj2eS1A/140.jpg'],144.01,https://www.ebay.com/itm/Patagonia-Womens-Size-L-Gray-Better-Sweater-Full-Zip-Fleece-Jacket-EUC-/174165609246
61,Patagonia Gray Purple Snap T Fleece Jacket Women's XL Pullover Vintage USA,49.0,patagonia gray purpl snap fleec jacket women' xl pullov vintag usa,0.26242093626195995,['https://www.ebay.com/itm/Patagonia-Gray-Purple-Snap-T-Fleece-Jacket-Womens-XL-Pullover-Vintage-USA-/164039426693'],['https://thumbs2.ebaystatic.com/m/mR6N8PK26VEHrOAYR0GZi5w/140.jpg'],150.0,https://www.ebay.com/itm/Patagonia-Gray-Purple-Snap-T-Fleece-Jacket-Womens-XL-Pullover-Vintage-USA-/164039426693
43,Patagonia Women's Jacket Rain H2No Torrentshell Plum Size Medium FREE SHIPPING!,59.99,patagonia women' jacket rain h2no torrentshel plum size medium free shipping!,0.26242093626195995,['https://www.ebay.com/itm/Patagonia-Womens-Jacket-Rain-H2No-Torrentshell-Plum-Size-Medium-FREE-SHIPPING-/372921572215'],['https://thumbs4.ebaystatic.com/m/mLuwyzA99X36cLc_6rKXykg/140.jpg'],139.01,https://www.ebay.com/itm/Patagonia-Womens-Jacket-Rain-H2No-Torrentshell-Plum-Size-Medium-FREE-SHIPPING-/372921572215
10,Patagonia Women's Radalie Jacket Slim Fit XS light balsamic new with tags,119.99,patagonia women' radali jacket slim fit xs light balsam new tag,0.26242093626195995,['https://www.ebay.com/itm/Patagonia-Womens-Radalie-Jacket-Slim-Fit-XS-light-balsamic-new-tags-/254489226525'],['https://thumbs2.ebaystatic.com/m/mqmGT43oFFN7e8WZBgL56qw/140.jpg'],79.01,https://www.ebay.com/itm/Patagonia-Womens-Radalie-Jacket-Slim-Fit-XS-light-balsamic-new-tags-/254489226525
38,Vintage Patagonia Women's Sherpa Jacket-Full Zip - Unique Style - Size M - NICE!,35.99,vintag patagonia women' sherpa jacket-ful zip - uniqu style - size - nice!,0.26242093626195995,['https://www.ebay.com/itm/Vintage-Patagonia-Womens-Sherpa-Jacket-Full-Zip-Unique-Style-Size-M-NICE-/153805041900'],['https://thumbs1.ebaystatic.com/m/mpm27FcGl9ClP1eoJ-IIdLA/140.jpg'],163.01,https://www.ebay.com/itm/Vintage-Patagonia-Womens-Sherpa-Jacket-Full-Zip-Unique-Style-Size-M-NICE-/153805041900
18,Patagonia Synchilla Womens Medium Pullover Fleece Jacket w Flaws Half Zip Gray,22.97,patagonia synchilla women medium pullov fleec jacket w flaw half zip gray,0.26242093626195995,['https://www.ebay.com/itm/Patagonia-Synchilla-Womens-Medium-Pullover-Fleece-Jacket-w-Flaws-Half-Zip-Gray-/402034991399'],['https://thumbs4.ebaystatic.com/m/mCKRAG3jdICQurW4W0Df9QA/140.jpg'],176.03,https://www.ebay.com/itm/Patagonia-Synchilla-Womens-Medium-Pullover-Fleece-Jacket-w-Flaws-Half-Zip-Gray-/402034991399
14,Patagonia Women’s Better Sweater Jacket Pockets Full Zip Gray Super Warm,52.0,patagonia women’ better sweater jacket pocket full zip gray super warm,0.26242093626195995,['https://www.ebay.com/itm/Patagonia-Women-s-Better-Sweater-Jacket-Pockets-Full-Zip-Gray-Super-Warm-/193306088528'],['https://thumbs1.ebaystatic.com/m/m4IDuya7ohnE32GmYHO_zaA/140.jpg'],147.0,https://www.ebay.com/itm/Patagonia-Women-s-Better-Sweater-Jacket-Pockets-Full-Zip-Gray-Super-Warm-/193306088528
78,Patagonia Women's R1 REGULATOR Full-Zip Fleece Jacket Black Size MEDIUM,65.0,patagonia women' r1 regul full-zip fleec jacket black size medium,0.26242093626195995,['https://www.ebay.com/itm/Patagonia-Womens-R1-REGULATOR-Full-Zip-Fleece-Jacket-Black-Size-MEDIUM-/184130907372'],['https://thumbs1.ebaystatic.com/m/mBGHDe8V9Ag9NBwM5_s4kJA/140.jpg'],134.0,https://www.ebay.com/itm/Patagonia-Womens-R1-REGULATOR-Full-Zip-Fleece-Jacket-Black-Size-MEDIUM-/184130907372
23,Patagonia Womens Small Black Long Jacket H2-NO Waterproof Shell Only ,42.0,patagonia women small black long jacket h2-no waterproof shell onli,0.26242093626195995,['https://www.ebay.com/itm/Patagonia-Womens-Small-Black-Long-Jacket-H2-NO-Waterproof-Shell-Only-/114071641314'],['https://thumbs3.ebaystatic.com/m/ml7KyuMJlmMoYdF-pBF5LiA/140.jpg'],157.0,https://www.ebay.com/itm/Patagonia-Womens-Small-Black-Long-Jacket-H2-NO-Waterproof-Shell-Only-/114071641314
22,Women's Large Patagonia Better Sweater Fleece Gray Jacket Coat Full Zip,63.0,women' larg patagonia better sweater fleec gray jacket coat full zip,0.26242093626195995,['https://www.ebay.com/itm/Womens-Large-Patagonia-Better-Sweater-Fleece-Gray-Jacket-Coat-Full-Zip-/372922903928'],['https://thumbs1.ebaystatic.com/m/mjv72NyVyjnX4E_eFL4kHgA/140.jpg'],136.0,https://www.ebay.com/itm/Womens-Large-Patagonia-Better-Sweater-Fleece-Gray-Jacket-Coat-Full-Zip-/372922903928
82,Patagonia Zip Up Softshell Fleece Lined Jacket Womens Size Small Solid Black,32.5,patagonia zip softshel fleec line jacket women size small solid black,0.26242093626195995,['https://www.ebay.com/itm/Patagonia-Zip-Up-Softshell-Fleece-Lined-Jacket-Womens-Size-Small-Solid-Black-/233443891986'],['https://thumbs3.ebaystatic.com/m/m2-IZXP_buk0WfJAqlAaLDQ/140.jpg'],166.5,https://www.ebay.com/itm/Patagonia-Zip-Up-Softshell-Fleece-Lined-Jacket-Womens-Size-Small-Solid-Black-/233443891986
11,PATAGONIA Women's 2X Small 1/4 Zip Better Sweater Pullover Jacket Coat Size XXS,39.98,patagonia women' 2x small 1/4 zip better sweater pullov jacket coat size xx,0.24963549414381236,['https://www.ebay.com/itm/PATAGONIA-Womens-2X-Small-1-4-Zip-Better-Sweater-Pullover-Jacket-Coat-Size-XXS-/153803376821'],['https://thumbs2.ebaystatic.com/m/mEHoB0DXw09cMnuw28JBrBQ/140.jpg'],159.02,https://www.ebay.com/itm/PATAGONIA-Womens-2X-Small-1-4-Zip-Better-Sweater-Pullover-Jacket-Coat-Size-XXS-/153803376821
86,Patagonia Womens Re-Tool Full Zip Jacket Sweater Fleece Polartec Size S Black,44.99,patagonia women re-tool full zip jacket sweater fleec polartec size black,0.24963549414381236,['https://www.ebay.com/itm/Patagonia-Womens-Re-Tool-Full-Zip-Jacket-Sweater-Fleece-Polartec-Size-S-Black-/303449089418'],['https://thumbs3.ebaystatic.com/m/m71U9btGdvJA-hPss3oeJ1A/140.jpg'],154.01,https://www.ebay.com/itm/Patagonia-Womens-Re-Tool-Full-Zip-Jacket-Sweater-Fleece-Polartec-Size-S-Black-/303449089418
54,Patagonia Womens XL Gray Purple Pocket Re-Tool Snap-T Fleece Pullover Jacket,44.99,patagonia women xl gray purpl pocket re-tool snap-t fleec pullov jacket,0.24963549414381236,['https://www.ebay.com/itm/Patagonia-Womens-XL-Gray-Purple-Pocket-Re-Tool-Snap-T-Fleece-Pullover-Jacket-/333487922362'],['https://thumbs3.ebaystatic.com/m/me7qfJrDqJuNkBQh-ORk8bg/140.jpg'],154.01,https://www.ebay.com/itm/Patagonia-Womens-XL-Gray-Purple-Pocket-Re-Tool-Snap-T-Fleece-Pullover-Jacket-/333487922362
24,Vintage Patagonia Womens Small S Full Zip Fleece Lined Bomber Jacket Coat USA,24.95,vintag patagonia women small full zip fleec line bomber jacket coat usa,0.24963549414381236,['https://www.ebay.com/itm/Vintage-Patagonia-Womens-Small-S-Full-Zip-Fleece-Lined-Bomber-Jacket-Coat-USA-/293435013658'],['https://thumbs3.ebaystatic.com/m/mswMBSaaCUGT5fl8s00wDcQ/140.jpg'],174.05,https://www.ebay.com/itm/Vintage-Patagonia-Womens-Small-S-Full-Zip-Fleece-Lined-Bomber-Jacket-Coat-USA-/293435013658
74,8806 NWT NEW $70 Patagonia Women's Plush Synchilla Hoody Fleece Zip Jacket Top S,34.99,8806 nwt new $70 patagonia women' plush synchilla hoodi fleec zip jacket top,0.2385534451960737,['https://www.ebay.com/itm/8806-NWT-NEW-70-Patagonia-Womens-Plush-Synchilla-Hoody-Fleece-Zip-Jacket-Top-S-/193195625823?var=0'],['https://thumbs1.ebaystatic.com/pict/04040_0.jpg'],164.01,https://www.ebay.com/itm/8806-NWT-NEW-70-Patagonia-Womens-Plush-Synchilla-Hoody-Fleece-Zip-Jacket-Top-S-/193195625823?var=0
41,Patagonia 1/4 Zip Women’s Better Sweater - XS,11.99,patagonia 1/4 zip women’ better sweater - xs,0.22576484600261604,['https://www.ebay.com/itm/Patagonia-1-4-Zip-Women-s-Better-Sweater-XS-/202885220731'],['https://thumbs4.ebaystatic.com/m/mlvD69S1W-WVlwScLjU2KjA/140.jpg'],187.01,https://www.ebay.com/itm/Patagonia-1-4-Zip-Women-s-Better-Sweater-XS-/202885220731
80,Patagonia XL Women’s Fleece Gray Smoke Free,50.0,patagonia xl women’ fleec gray smoke free,0.20613696606828605,['https://www.ebay.com/itm/Patagonia-XL-Women-s-Fleece-Gray-Smoke-Free-/264606924256'],['https://thumbs1.ebaystatic.com/m/mpPldGMMyQbt8NMgSUf9mkw/140.jpg'],149.0,https://www.ebay.com/itm/Patagonia-XL-Women-s-Fleece-Gray-Smoke-Free-/264606924256
72,Patagonia Polartec Fleece. Womens Large Gray/pink,41.0,patagonia polartec fleece. women larg gray/pink,0.20613696606828605,['https://www.ebay.com/itm/Patagonia-Polartec-Fleece-Womens-Large-Gray-pink-/153800608049'],['https://thumbs2.ebaystatic.com/m/mpdRYBA8ka60D8DRBKzG8BQ/140.jpg'],158.0,https://www.ebay.com/itm/Patagonia-Polartec-Fleece-Womens-Large-Gray-pink-/153800608049
0,"patagonia synchilla, White, Womens Small, Full Zip",35.0,"patagonia synchilla, white, women small, full zip",0.20613696606828605,['https://www.ebay.com/itm/patagonia-synchilla-White-Womens-Small-Full-Zip-/114079642684'],['https://thumbs1.ebaystatic.com/m/mRRtfeTb8NBLYFzvSy3EEyg/140.jpg'],164.0,https://www.ebay.com/itm/patagonia-synchilla-White-Womens-Small-Full-Zip-/114079642684
7,NWT XXS & XS Womens Patagonia Better Sweater,50.0,nwt xx & xs women patagonia better sweater,0.20613696606828605,['https://www.ebay.com/itm/NWT-XXS-XS-Womens-Patagonia-Better-Sweater-/323963212188?var=0'],['https://thumbs1.ebaystatic.com/pict/04040_0.jpg'],149.0,https://www.ebay.com/itm/NWT-XXS-XS-Womens-Patagonia-Better-Sweater-/323963212188?var=0
50,Patagonia Womens Quilted Snap Pullover Size Medium,72.0,patagonia women quilt snap pullov size medium,0.20613696606828605,['https://www.ebay.com/itm/Patagonia-Womens-Quilted-Snap-Pullover-Size-Medium-/264561517707'],['https://thumbs4.ebaystatic.com/m/mMwb8Te1e3NC_oiGJMKLAsg/140.jpg'],127.0,https://www.ebay.com/itm/Patagonia-Womens-Quilted-Snap-Pullover-Size-Medium-/264561517707
31,Patagonia ReTool Snap T Pullover Women’s Medium Purple,55.0,patagonia retool snap pullov women’ medium purpl,0.20613696606828605,['https://www.ebay.com/itm/Patagonia-ReTool-Snap-T-Pullover-Women-s-Medium-Purple-/324049548772'],['https://thumbs1.ebaystatic.com/m/m2VIyydQs7Fm7Qzanxc5IwQ/140.jpg'],144.0,https://www.ebay.com/itm/Patagonia-ReTool-Snap-T-Pullover-Women-s-Medium-Purple-/324049548772
27,Women's Patagonia Retro Pile Hoody Size Small Pelican,80.0,women' patagonia retro pile hoodi size small pelican,0.1908740661302035,['https://www.ebay.com/itm/Womens-Patagonia-Retro-Pile-Hoody-Size-Small-Pelican-/174155045968'],['https://thumbs1.ebaystatic.com/m/mngAxjt7HVt2nA43NzEQVAQ/140.jpg'],119.0,https://www.ebay.com/itm/Womens-Patagonia-Retro-Pile-Hoody-Size-Small-Pelican-/174155045968
15,Patagonia Purple Re-Tool Womens Medium Fleece Vest,50.0,patagonia purpl re-tool women medium fleec vest,0.1908740661302035,['https://www.ebay.com/itm/Patagonia-Purple-Re-Tool-Womens-Medium-Fleece-Vest-/283753491182'],['https://thumbs3.ebaystatic.com/m/mzZ4xtCpTVd2PjF7tor7rwQ/140.jpg'],149.0,https://www.ebay.com/itm/Patagonia-Purple-Re-Tool-Womens-Medium-Fleece-Vest-/283753491182
79,Patagonia Windproof Women's Vest *Black* Size:XL NEW,70.95,patagonia windproof women' vest *black* size:xl new,0.1908740661302035,['https://www.ebay.com/itm/Patagonia-Windproof-Womens-Vest-Black-Size-XL-NEW-/303430572285'],['https://thumbs2.ebaystatic.com/m/maB2yEZ1R9ufizZfdqEg8jQ/140.jpg'],128.05,https://www.ebay.com/itm/Patagonia-Windproof-Womens-Vest-Black-Size-XL-NEW-/303430572285
44,Patagonia Down With It Parka Womens Hoody Puffer Winter Coat Sz S,99.0,patagonia parka women hoodi puffer winter coat sz,0.1908740661302035,['https://www.ebay.com/itm/Patagonia-Down-Parka-Womens-Hoody-Puffer-Winter-Coat-Sz-S-/114070981674'],['https://thumbs3.ebaystatic.com/m/mbM-0vyjg9cCDL84GDKO4OQ/140.jpg'],100.0,https://www.ebay.com/itm/Patagonia-Down-Parka-Womens-Hoody-Puffer-Winter-Coat-Sz-S-/114070981674
84,Patagonia Womens Los Gatos Fleece Vest Gray Size Small,47.0,patagonia women lo gato fleec vest gray size small,0.17856621555757476,['https://www.ebay.com/itm/Patagonia-Womens-Los-Gatos-Fleece-Vest-Gray-Size-Small-/164023850671'],['https://thumbs4.ebaystatic.com/m/mNhkuUoGkPmOhRvGXsnsihw/140.jpg'],152.0,https://www.ebay.com/itm/Patagonia-Womens-Los-Gatos-Fleece-Vest-Gray-Size-Small-/164023850671
83,"Patagonia Womens Large Diamond Capra Fleece Hoodie/hoody, Navy",66.0,"patagonia women larg diamond capra fleec hoodie/hoody, navi",0.17856621555757476,['https://www.ebay.com/itm/Patagonia-Womens-Large-Diamond-Capra-Fleece-Hoodie-hoody-Navy-/124057589728'],['https://thumbs1.ebaystatic.com/m/mxAMNdsQuLJfEIry91Y5DPA/140.jpg'],133.0,https://www.ebay.com/itm/Patagonia-Womens-Large-Diamond-Capra-Fleece-Hoodie-hoody-Navy-/124057589728
81,$139 NWT Patagonia W's Better Sweater Jacket All Colors Sz XS S M L ,79.99,$139 nwt patagonia w' better sweater jacket color sz xs l,0.17856621555757476,['https://www.ebay.com/itm/139-NWT-Patagonia-Ws-Better-Sweater-Jacket-All-Colors-Sz-XS-S-M-L-/193187610288?var=0'],['https://thumbs1.ebaystatic.com/pict/04040_0.jpg'],119.01,https://www.ebay.com/itm/139-NWT-Patagonia-Ws-Better-Sweater-Jacket-All-Colors-Sz-XS-S-M-L-/193187610288?var=0
1,Patagonia Women’s Purple Re-Tool Fleece Vest Size Small,44.99,patagonia women’ purpl re-tool fleec vest size small,0.17856621555757476,['https://www.ebay.com/itm/Patagonia-Women-s-Purple-Re-Tool-Fleece-Vest-Size-Small-/184140960727'],['https://thumbs4.ebaystatic.com/m/mykKKIVn6rGsECZj7hK8nMw/140.jpg'],154.01,https://www.ebay.com/itm/Patagonia-Women-s-Purple-Re-Tool-Fleece-Vest-Size-Small-/184140960727
46,Patagonia Organic Cotton Sychilla Quilted Women Snap T Size Xs,98.0,patagonia organ cotton sychilla quilt women snap size xs,0.17856621555757476,['https://www.ebay.com/itm/Patagonia-Organic-Cotton-Sychilla-Quilted-Women-Snap-T-Size-Xs-/174159378945'],['https://thumbs2.ebaystatic.com/m/mSt54KLHTDSv82qdIUOeH4A/140.jpg'],101.0,https://www.ebay.com/itm/Patagonia-Organic-Cotton-Sychilla-Quilted-Women-Snap-T-Size-Xs-/174159378945
87,Patagonia Retool Fleece Plush Snap T Womens Large Purple Winter Outdoors,62.95,patagonia retool fleec plush snap women larg purpl winter outdoor,0.16836842163679844,['https://www.ebay.com/itm/Patagonia-Retool-Fleece-Plush-Snap-T-Womens-Large-Purple-Winter-Outdoors-/254484648639'],['https://thumbs4.ebaystatic.com/m/my0k9zfGrTEUomXewqkNXQg/140.jpg'],136.05,https://www.ebay.com/itm/Patagonia-Retool-Fleece-Plush-Snap-T-Womens-Large-Purple-Winter-Outdoors-/254484648639
52,Women's Patagonia Better Sweater Gray Full Zip Fleece Vest-Size S,50.0,women' patagonia better sweater gray full zip fleec vest-siz,0.16836842163679844,['https://www.ebay.com/itm/Womens-Patagonia-Better-Sweater-Gray-Full-Zip-Fleece-Vest-Size-S-/133312024762'],['https://thumbs3.ebaystatic.com/m/maAVFcHFbOYsb0w4x87mtHA/140.jpg'],149.0,https://www.ebay.com/itm/Womens-Patagonia-Better-Sweater-Gray-Full-Zip-Fleece-Vest-Size-S-/133312024762
40,Womens PATAGONIA Grey Los Gatos Full Zip Fleece Vest Small,48.88,women patagonia grey lo gato full zip fleec vest small,0.16836842163679844,['https://www.ebay.com/itm/Womens-PATAGONIA-Grey-Los-Gatos-Full-Zip-Fleece-Vest-Small-/153801366700'],['https://thumbs1.ebaystatic.com/m/mTcTVbymLePVe_qYa_oslig/140.jpg'],150.12,https://www.ebay.com/itm/Womens-PATAGONIA-Grey-Los-Gatos-Full-Zip-Fleece-Vest-Small-/153801366700
69,Patagonia Woman's Goose Down Quilted Puffer Zip Up Grey Purple Jacket Size M ,53.0,patagonia woman' goos quilt puffer zip grey purpl jacket size,0.16836842163679844,['https://www.ebay.com/itm/Patagonia-Womans-Goose-Down-Quilted-Puffer-Zip-Up-Grey-Purple-Jacket-Size-M-/164039363723'],['https://thumbs4.ebaystatic.com/m/mEtafon-qGNzDioI1nVcmpg/140.jpg'],146.0,https://www.ebay.com/itm/Patagonia-Womans-Goose-Down-Quilted-Puffer-Zip-Up-Grey-Purple-Jacket-Size-M-/164039363723
45,Patagonia Women’s Better Sweater 1/4 Snap Button Pullover Size XL Black,40.0,patagonia women’ better sweater 1/4 snap button pullov size xl black,0.16836842163679844,['https://www.ebay.com/itm/Patagonia-Women-s-Better-Sweater-1-4-Snap-Button-Pullover-Size-XL-Black-/223841783375'],['https://thumbs4.ebaystatic.com/m/mZL1rz4iERgtG4-O5CR3Ngw/140.jpg'],159.0,https://www.ebay.com/itm/Patagonia-Women-s-Better-Sweater-1-4-Snap-Button-Pullover-Size-XL-Black-/223841783375
42,Patagonia Women's BETTER SWEATER VEST Birch White Gray Size SMALL,50.0,patagonia women' better sweater vest birch white gray size small,0.16836842163679844,['https://www.ebay.com/itm/Patagonia-Womens-BETTER-SWEATER-VEST-Birch-White-Gray-Size-SMALL-/153800426607'],['https://thumbs4.ebaystatic.com/m/maYDUCqle1dtVDtxoIV34Rw/140.jpg'],149.0,https://www.ebay.com/itm/Patagonia-Womens-BETTER-SWEATER-VEST-Birch-White-Gray-Size-SMALL-/153800426607
88,"Womens Patagonia Light Weight Synchilla Snap-T Fleece Pullover Aztec, Size L",62.79,"women patagonia light weight synchilla snap-t fleec pullov aztec, size l",0.16836842163679844,['https://www.ebay.com/itm/Womens-Patagonia-Light-Weight-Synchilla-Snap-T-Fleece-Pullover-Aztec-Size-L-/333481618468'],['https://thumbs1.ebaystatic.com/m/mISf6nPAdHrFZX8feEhELnA/140.jpg'],136.21,https://www.ebay.com/itm/Womens-Patagonia-Light-Weight-Synchilla-Snap-T-Fleece-Pullover-Aztec-Size-L-/333481618468
62,Patagonia Women's Half-Zip Lightweight Polyester Thermal Base Layer L/S - Medium,26.98,patagonia women' half-zip lightweight polyest thermal base layer l/ - medium,0.16836842163679844,['https://www.ebay.com/itm/Patagonia-Womens-Half-Zip-Lightweight-Polyester-Thermal-Base-Layer-L-S-Medium-/283742960337'],['https://thumbs2.ebaystatic.com/m/mJYJ0ikzUBHBb9ysqvJOMUQ/140.jpg'],172.02,https://www.ebay.com/itm/Patagonia-Womens-Half-Zip-Lightweight-Polyester-Thermal-Base-Layer-L-S-Medium-/283742960337
59,Patagonia Women's Organic Cotton Quilt Crew Pullover Calcium Size SMALL,65.0,patagonia women' organ cotton quilt crew pullov calcium size small,0.16836842163679844,['https://www.ebay.com/itm/Patagonia-Womens-Organic-Cotton-Quilt-Crew-Pullover-Calcium-Size-SMALL-/164026599200'],['https://thumbs1.ebaystatic.com/m/mnHc8ZMkExDBwTpvQdnea6Q/140.jpg'],134.0,https://www.ebay.com/itm/Patagonia-Womens-Organic-Cotton-Quilt-Crew-Pullover-Calcium-Size-SMALL-/164026599200
57,WOMENS PATAGONIA LOS GATOS VEST SIZE MEDIUM KHAKI BEIGE EUC,49.99,women patagonia lo gato vest size medium khaki beig euc,0.16836842163679844,['https://www.ebay.com/itm/WOMENS-PATAGONIA-LOS-GATOS-VEST-SIZE-MEDIUM-KHAKI-BEIGE-EUC-/274216395189'],['https://thumbs2.ebaystatic.com/m/m2YkaOeiRAkCtS6_s2RATew/140.jpg'],149.01,https://www.ebay.com/itm/WOMENS-PATAGONIA-LOS-GATOS-VEST-SIZE-MEDIUM-KHAKI-BEIGE-EUC-/274216395189
13,Womens Patagonia Better Sweater 1/4 Quarter-Zip Pullover Cream Oatmeal Color,29.99,women patagonia better sweater 1/4 quarter-zip pullov cream oatmeal color,0.16836842163679844,['https://www.ebay.com/itm/Womens-Patagonia-Better-Sweater-1-4-Quarter-Zip-Pullover-Cream-Oatmeal-Color-/124052547737'],['https://thumbs2.ebaystatic.com/m/mg-6FwHLswecDqU10jWumvw/140.jpg'],169.01,https://www.ebay.com/itm/Womens-Patagonia-Better-Sweater-1-4-Quarter-Zip-Pullover-Cream-Oatmeal-Color-/124052547737
77,Patagonia Synchilla Snap T Fleece Pullover Aberdeen:Jeweled Berry Women's Medium,50.0,patagonia synchilla snap fleec pullov aberdeen:jewel berri women' medium,0.16836842163679844,['https://www.ebay.com/itm/Patagonia-Synchilla-Snap-T-Fleece-Pullover-Aberdeen-Jeweled-Berry-Womens-Medium-/274186208869'],['https://thumbs2.ebaystatic.com/m/m15lV_5ZSJquPcXszVUiyBw/140.jpg'],149.0,https://www.ebay.com/itm/Patagonia-Synchilla-Snap-T-Fleece-Pullover-Aberdeen-Jeweled-Berry-Womens-Medium-/274186208869
26,Women's PATAGONIA Los Gatos 1/4 Zip Fleece Pullover Sweater #25235 Hip Length,74.99,women' patagonia lo gato 1/4 zip fleec pullov sweater #25235 hip length,0.15973937686327605,['https://www.ebay.com/itm/Womens-PATAGONIA-Los-Gatos-1-4-Zip-Fleece-Pullover-Sweater-25235-Hip-Length-/323977885524?var=0'],['https://thumbs1.ebaystatic.com/pict/04040_0.jpg'],124.01,https://www.ebay.com/itm/Womens-PATAGONIA-Los-Gatos-1-4-Zip-Fleece-Pullover-Sweater-25235-Hip-Length-/323977885524?var=0
51,Patagonia Womens Better Sweater Full Zip  Size large color is classic navy,89.0,patagonia women better sweater full zip size larg color classic navi,0.15973937686327605,['https://www.ebay.com/itm/Patagonia-Womens-Better-Sweater-Full-Zip-Size-large-color-classic-navy-/274147152123'],['https://thumbs4.ebaystatic.com/m/mtuL-sJQ5FSwqczrqYNdNCA/140.jpg'],110.0,https://www.ebay.com/itm/Patagonia-Womens-Better-Sweater-Full-Zip-Size-large-color-classic-navy-/274147152123
75,"Patagonia Womens XL Micro D Snap-T Fleece Pullover, Gray, NWT $89 MSRP",65.99,"patagonia women xl micro snap-t fleec pullover, gray, nwt $89 msrp",0.15973937686327605,['https://www.ebay.com/itm/Patagonia-Womens-XL-Micro-D-Snap-T-Fleece-Pullover-Gray-NWT-89-MSRP-/333482448623'],['https://thumbs4.ebaystatic.com/m/mEzGBDfPdTyoRAIewCKL6vw/140.jpg'],133.01,https://www.ebay.com/itm/Patagonia-Womens-XL-Micro-D-Snap-T-Fleece-Pullover-Gray-NWT-89-MSRP-/333482448623
65,Patagonia Women's Better Sweater NEW 1/4 Zip-Size SMALL Tasmanian Teal 7076,67.49,patagonia women' better sweater new 1/4 zip-siz small tasmanian teal 7076,0.15973937686327605,['https://www.ebay.com/itm/Patagonia-Womens-Better-Sweater-NEW-1-4-Zip-Size-SMALL-Tasmanian-Teal-7076-/333483576140'],['https://thumbs1.ebaystatic.com/m/mTTMxA1F1o3EG0V82ocf_Vw/140.jpg'],131.51,https://www.ebay.com/itm/Patagonia-Womens-Better-Sweater-NEW-1-4-Zip-Size-SMALL-Tasmanian-Teal-7076-/333483576140
64,Women’s Patagonia Ahnya Wrap Sweater Cardigan Drape Medium Plum Organic Cotton,36.0,women’ patagonia ahnya wrap sweater cardigan drape medium plum organ cotton,0.15973937686327605,['https://www.ebay.com/itm/Women-s-Patagonia-Ahnya-Wrap-Sweater-Cardigan-Drape-Medium-Plum-Organic-Cotton-/114059322357'],['https://thumbs2.ebaystatic.com/m/mn9jYFn78SIFYkV-rFc088w/140.jpg'],163.0,https://www.ebay.com/itm/Women-s-Patagonia-Ahnya-Wrap-Sweater-Cardigan-Drape-Medium-Plum-Organic-Cotton-/114059322357
58,Women's PATAGONIA Los Gatos 1/4 Zip Fleece Pullover Sweater #25235 Hip Length,74.99,women' patagonia lo gato 1/4 zip fleec pullov sweater #25235 hip length,0.15973937686327605,['https://www.ebay.com/itm/Womens-PATAGONIA-Los-Gatos-1-4-Zip-Fleece-Pullover-Sweater-25235-Hip-Length-/323977885524?var=513020995585'],['https://thumbs1.ebaystatic.com/pict/323977885524404000000003_1.jpg'],124.01,https://www.ebay.com/itm/Womens-PATAGONIA-Los-Gatos-1-4-Zip-Fleece-Pullover-Sweater-25235-Hip-Length-/323977885524?var=513020995585
56,EUC Patagonia Women's Full Zip Gray Vest Fleece Lined Size Medium,40.0,euc patagonia women' full zip gray vest fleec line size medium,0.15973937686327605,['https://www.ebay.com/itm/EUC-Patagonia-Womens-Full-Zip-Gray-Vest-Fleece-Lined-Size-Medium-/233472006588'],['https://thumbs1.ebaystatic.com/m/mPOUKgIsiPSwgAxhq5WzPHQ/140.jpg'],159.0,https://www.ebay.com/itm/EUC-Patagonia-Womens-Full-Zip-Gray-Vest-Fleece-Lined-Size-Medium-/233472006588
53,Women PATAGONIA Better Sweater 1/4 Zip Fleece Pullover 25618 LARGE CENTURY PINK,74.99,women patagonia better sweater 1/4 zip fleec pullov 25618 larg centuri pink,0.15973937686327605,['https://www.ebay.com/itm/Women-PATAGONIA-Better-Sweater-1-4-Zip-Fleece-Pullover-25618-LARGE-CENTURY-PINK-/324015734151'],['https://thumbs4.ebaystatic.com/m/mR2teg5KLAsy1tWPsLgFSUg/140.jpg'],124.01,https://www.ebay.com/itm/Women-PATAGONIA-Better-Sweater-1-4-Zip-Fleece-Pullover-25618-LARGE-CENTURY-PINK-/324015734151
92,Patagonia Womens Prairie Dawn Insulated Sherpa Lined Canvas Parka Size Medium ,122.99,patagonia women prairi dawn insul sherpa line canva parka size medium,0.15973937686327605,['https://www.ebay.com/itm/Patagonia-Womens-Prairie-Dawn-Insulated-Sherpa-Lined-Canvas-Parka-Size-Medium-/202881633835'],['https://thumbs4.ebaystatic.com/m/mhQA7c83k921LBXSLR9-yeA/140.jpg'],76.01,https://www.ebay.com/itm/Patagonia-Womens-Prairie-Dawn-Insulated-Sherpa-Lined-Canvas-Parka-Size-Medium-/202881633835
90,PATAGONIA Small Knit Long GRAY BETTER SWEATER Coat Jacket Button Front MINT!,39.99,patagonia small knit long gray better sweater coat jacket button front mint!,0.15231415519375907,['https://www.ebay.com/itm/PATAGONIA-Small-Knit-Long-GRAY-BETTER-SWEATER-Coat-Jacket-Button-Front-MINT-/223847670101'],['https://thumbs2.ebaystatic.com/m/mROuTyFI6qBrRLdaC_JARew/140.jpg'],159.01,https://www.ebay.com/itm/PATAGONIA-Small-Knit-Long-GRAY-BETTER-SWEATER-Coat-Jacket-Button-Front-MINT-/223847670101
55,womans patagonia small,69.0,woman patagonia small,0.15064018498706508,['https://www.ebay.com/itm/womans-patagonia-small-/372921524066'],['https://thumbs3.ebaystatic.com/m/mH4tyfHH7E5Fs1zZho76D8w/140.jpg'],130.0,https://www.ebay.com/itm/womans-patagonia-small-/372921524066
94,Patagonia Synchilla Half Zip Fleece Jacket Mens Size XS Solid Brown Deep Pile,37.5,patagonia synchilla half zip fleec jacket men size xs solid brown deep pile,0.14583659189722667,['https://www.ebay.com/itm/Patagonia-Synchilla-Half-Zip-Fleece-Jacket-Mens-Size-XS-Solid-Brown-Deep-Pile-/233454955250'],['https://thumbs3.ebaystatic.com/m/mN0ouVpLbVB3bBuTS6mJ0Ew/140.jpg'],161.5,https://www.ebay.com/itm/Patagonia-Synchilla-Half-Zip-Fleece-Jacket-Mens-Size-XS-Solid-Brown-Deep-Pile-/233454955250
68,Women's PATAGONIA Los Gatos Fleece Vest #25216 Plush Deep-Pile Full Hip Length,74.99,women' patagonia lo gato fleec vest #25216 plush deep-pil full hip length,0.14583659189722667,['https://www.ebay.com/itm/Womens-PATAGONIA-Los-Gatos-Fleece-Vest-25216-Plush-Deep-Pile-Full-Hip-Length-/323977862508?var=0'],['https://thumbs1.ebaystatic.com/pict/04040_0.jpg'],124.01,https://www.ebay.com/itm/Womens-PATAGONIA-Los-Gatos-Fleece-Vest-25216-Plush-Deep-Pile-Full-Hip-Length-/323977862508?var=0
3,NWT PATAGONIA BLACK RUFFLE PUFFER VEST! M ,39.99,nwt patagonia black ruffl puffer vest!,0.10163066979112656,['https://www.ebay.com/itm/NWT-PATAGONIA-BLACK-RUFFLE-PUFFER-VEST-M-/383382882065'],['https://thumbs2.ebaystatic.com/m/mNjcTNKyNQxvLLpv9cYI-uA/140.jpg'],159.01,https://www.ebay.com/itm/NWT-PATAGONIA-BLACK-RUFFLE-PUFFER-VEST-M-/383382882065
85,Patagonia dark grey Primaloft quilted puffer coat,65.0,patagonia dark grey primaloft quilt puffer coat,0.09349477497536716,['https://www.ebay.com/itm/Patagonia-dark-grey-Primaloft-quilted-puffer-coat-/264605357531'],['https://thumbs4.ebaystatic.com/m/m2bw-AeYeq2M5bFEYZvtU6A/140.jpg'],134.0,https://www.ebay.com/itm/Patagonia-dark-grey-Primaloft-quilted-puffer-coat-/264605357531
76,NWT Men's Patagonia Re-Tool Snap-T Fleece Pullover Feather Grey,89.95,nwt men' patagonia re-tool snap-t fleec pullov feather grey,0.07734781234369076,['https://www.ebay.com/itm/NWT-Mens-Patagonia-Re-Tool-Snap-T-Fleece-Pullover-Feather-Grey-/274174456544?var=0'],['https://thumbs1.ebaystatic.com/pict/04040_0.jpg'],109.05,https://www.ebay.com/itm/NWT-Mens-Patagonia-Re-Tool-Snap-T-Fleece-Pullover-Feather-Grey-/274174456544?var=0
37,   Patagonia Small Synchilla Snap T Fleece Pullover Multi Aztec Print 25455,59.99,patagonia small synchilla snap fleec pullov multi aztec print 25455,0.07734781234369076,['https://www.ebay.com/itm/Patagonia-Small-Synchilla-Snap-T-Fleece-Pullover-Multi-Aztec-Print-25455-/223851640582'],['https://thumbs3.ebaystatic.com/m/m7nnQnUaLS6ALny1AmeJ-8A/140.jpg'],139.01,https://www.ebay.com/itm/Patagonia-Small-Synchilla-Snap-T-Fleece-Pullover-Multi-Aztec-Print-25455-/223851640582
6,Patagonia Small Retro Fleece Synchilla Gray Navy 1/2 Zip Up High Collar Bomber,30.0,patagonia small retro fleec synchilla gray navi 1/2 zip high collar bomber,0.07357474610589511,['https://www.ebay.com/itm/Patagonia-Small-Retro-Fleece-Synchilla-Gray-Navy-1-2-Zip-Up-High-Collar-Bomber-/174165259557'],['https://thumbs2.ebaystatic.com/m/mDI2pKUv_bpNe5RiK9ja88A/140.jpg'],169.0,https://www.ebay.com/itm/Patagonia-Small-Retro-Fleece-Synchilla-Gray-Navy-1-2-Zip-Up-High-Collar-Bomber-/174165259557
73,Patagonia Synchilla Polyesters Fleece Zip Front Vest Woman’s XL Pockets Sking,24.99,patagonia synchilla polyest fleec zip front vest woman’ xl pocket sking,0.07357474610589511,['https://www.ebay.com/itm/Patagonia-Synchilla-Polyesters-Fleece-Zip-Front-Vest-Woman-s-XL-Pockets-Sking-/254486912904'],['https://thumbs1.ebaystatic.com/m/m1cAU5WqBTmA9H58nzJ-9_A/140.jpg'],174.01,https://www.ebay.com/itm/Patagonia-Synchilla-Polyesters-Fleece-Zip-Front-Vest-Woman-s-XL-Pockets-Sking-/254486912904
4,Patagonia Men's P-6 Logo Uprisal Hoody Size extra small XS Black Hoodie Sweater ,27.0,patagonia men' p-6 logo upris hoodi size extra small xs black hoodi sweater,0.0648911121832301,['https://www.ebay.com/itm/Patagonia-Mens-P-6-Logo-Uprisal-Hoody-Size-extra-small-XS-Black-Hoodie-Sweater-/174165015474'],['https://thumbs3.ebaystatic.com/m/mFDXovEqDkt8szMjKVEsAAg/140.jpg'],172.0,https://www.ebay.com/itm/Patagonia-Mens-P-6-Logo-Uprisal-Hoody-Size-extra-small-XS-Black-Hoodie-Sweater-/174165015474
